_id,toponimo,n_id,estado,tipo_estac,sinal_vert,sinal_info_vert,n_lugares,pictograma,objectid,globalid,esriGeometryPoint
1,Pátio do Bolhão,218,Ativo,4.2.4 - Lugar individualizado perpendicular,Sim,Sim,10,Sim,1,{37F0CF74-4858-4DD5-A881-2273B2F20A3E},"-39750.45849999972,164830.97279999964"
2,Rua do Engenheiro Ferreira Dias,142,Ativo,4.3.1 - Lugar não individualizado longitudinal em retângulo,Sim,Sim,10,Sim,2,{E4A90D10-E61F-4444-8452-7077501F3682},"-43236.79829999991,167663.66449999996"
3,Rua de D. João Coutinho,143,Ativo,4.3.1 - Lugar não individualizado longitudinal em retângulo,Sim,Sim,10,Não,3,{5DDBFD03-19E9-4E93-8736-B19DD43698A5},"-43047.1436999999,167659.34229999967"
4,Rua de Júlio Dinis,176,Ativo,4.2.1 - Lugar individualizado longitudinal em retângulo,Sim,Sim,10,Sim,4,{A7E63E49-4A57-4F4A-93A3-337018B811A3},"-41371.74469999969,164729.46890000068"
5,Rua da Infanta D. Maria,158,Ativo,4.3.1 - Lugar não individualizado longitudinal em retângulo,Sim,Sim,10,Sim,5,{189AB8D4-CD62-4920-BE20-93DF832E1003},"-41024.79889999982,165640.40059999935"
6,Avenida da Boavista,83,Ativo,4.2.4 - Lugar individualizado perpendicular,Sim,Sim,10,Sim,6,{A2653849-43C8-4042-AB3F-F591D6779BCD},"-41261.373200000264,165459.22309999913"
7,Alameda de Eça de Queirós,42,Ativo,4.3.1 - Lugar não individualizado longitudinal em retângulo,Sim,Sim,10,Sim,7,{C84C2895-5884-4A04-90ED-FE61B67C37E2},"-38656.83609999996,166026.7455000002"
8,Rua de Álvares Cabral,155,Ativo,4.2.1 - Lugar individualizado longitudinal em retângulo,Sim,Sim,10,Sim,8,{19738B44-97B6-4BC7-87B9-074BA2411FEA},"-40740.22329999972,165215.0792999994"
9,Rua de 31 de Janeiro,57,Ativo,4.2.1 - Lugar individualizado longitudinal em retângulo,Sim,Sim,10,Sim,9,{99FFB637-A471-4F49-8764-FE6A5A8EF5FB},"-39812.62289999984,164220.9447000008"
10,Praça de Mouzinho de Albuquerque,86,Ativo,4.2.1 - Lugar individualizado longitudinal em retângulo,Sim,Sim,10,Sim,10,{7CFEE26E-B86C-4814-AADC-4B7D11E6010D},"-41595.12959999964,165641.71079999954"
11,Rua de Vilar,72,Ativo,4.3.2 - Lugar não individualizado longitudinal em paralelogramo,Sim,Sim,10,Sim,11,{029781E2-004D-40C4-BD80-853D41743EC8},"-41439.286799999885,164529.82609999925"
12,Rua de Mouzinho da Silveira,123,Ativo,4.2.1 - Lugar individualizado longitudinal em retângulo,Sim,Sim,10,Não,12,{352F4411-B9D3-4E98-9090-5562148961D8},"-40318.80240000039,163915.99579999968"
13,Rua do Professor Vicente José de Carvalho,70,Ativo,4.2.1 - Lugar individualizado longitudinal em retângulo,Sim,Sim,10,Sim,14,{B8155D7E-28B8-4EBE-B051-F4E3E34C76AE},"-40710.06049999967,164425.4179999996"
14,Rua Tareija Vaz de Altaro,120,Ativo,4.3.4 - Lugar não individualizado perpendicular,Sim,Sim,20,Sim,15,{1E057DEC-0AA8-4F6F-80C8-EA91C61920B0},"-40096.07309999969,163938.1654000003"
15,Avenida do Marechal Gomes da Costa,102,Ativo,4.3.2 - Lugar não individualizado longitudinal em paralelogramo,Sim,Sim,10,Sim,16,{5209BAAD-ABDC-49E8-8E59-EC53F9108F9C},"-45203.63949999958,165281.77449999936"
16,Rua de Gonçalo Cristóvão,163,Ativo,4.2.4 - Lugar individualizado perpendicular,Sim,Sim,10,Sim,17,{F8467A77-0BEB-433C-9D2B-38524BBB89F3},"-39654.177799999714,165021.37969999947"
17,Largo de Ferreira Lapa,81,Ativo,4.2.1 - Lugar individualizado longitudinal em retângulo,Sim,Sim,10,Sim,18,{9E011884-56CA-4D2D-81C2-662E70CEAB82},"-41578.47369999997,165277.6995000001"
18,Rua da Constituição,151,Ativo,4.2.1 - Lugar individualizado longitudinal em retângulo,Sim,Sim,10,Sim,19,{6E9AFC39-5158-41CE-9BF0-574197BFF309},"-39736.47269999981,165988.14330000058"
19,Rua da Restauração,172,Ativo,4.2.1 - Lugar individualizado longitudinal em retângulo,Sim,Sim,10,Sim,20,{31ED660A-7AEF-4065-9849-F5F4CCBB818E},"-41404.425300000235,164144.66330000013"
20,Rua D. Frei Vicente da Soledade e Castro,18,Ativo,4.2.3 - Lugar individualizado oblíquo,Sim,Sim,10,Sim,21,{EB03D2B0-8D49-4DF8-BF97-D7CF7F70CFF6},"-38858.058899999596,167637.6638999991"
21,Praça de Nove de Abril,21,Ativo,4.2.1 - Lugar individualizado longitudinal em retângulo,Sim,Sim,10,Sim,22,{32729E47-8170-483F-85B3-287ECDF5B022},"-40122.94579999987,167159.24210000038"
22,Rua de Domingos Machado,193,Ativo,4.2.4 - Lugar individualizado perpendicular,Sim,Sim,10,Sim,23,{4BDB45A8-738E-4929-85FE-0261E0124A9A},"-41880.6277999999,166354.7633999996"
23,Rua do Almirante Leote do Rego,115,Ativo,4.3.1 - Lugar não individualizado longitudinal em retângulo,Sim,Sim,10,Sim,24,{5A7C168A-17B1-4769-B9A2-C65B87B6D748},"-40330.99270000029,166339.39189999923"
24,Rua Professor José Augusto Seabra,122,Ativo,4.3.2 - Lugar não individualizado longitudinal em paralelogramo,Sim,Sim,10,Sim,26,{61A861F4-1DA7-4FDD-AA20-A9C415475664},"-41621.359899999574,165892.96429999918"
25,Rua de Cinco de Outubro,85,Ativo,4.2.1 - Lugar individualizado longitudinal em retângulo,Sim,Sim,10,Sim,27,{A6740D5B-39BF-4B62-B8CF-647AFF584BAA},"-41711.686099999584,165660.76439999975"
26,Praça do Bom Sucesso,80,Ativo,4.2.1 - Lugar individualizado longitudinal em retângulo,Sim,Sim,10,Sim,28,{806FA333-C272-4553-90B7-A829D11D67AA},"-41663.960799999535,165268.41259999946"
27,Rua do Breiner,159,Ativo,4.2.2 - Lugar individualizado longitudinal em paralelogramo,Sim,Sim,10,Sim,29,{584F478B-7A97-4F0F-AF54-58574276B4BC},"-40704.23979999963,164816.61950000003"
28,Rua de Azevedo Coutinho,217,Ativo,4.2.2 - Lugar individualizado longitudinal em paralelogramo,Sim,Sim,10,Sim,30,{281349FA-A86A-4F52-BEAF-02A4B87D5BC6},"-43098.06240000017,165894.8013000004"
29,Rua de Ferreira Borges,124,Ativo,4.2.1 - Lugar individualizado longitudinal em retângulo,Sim,Sim,20,Sim,31,{77F57D66-106B-4300-B89E-716C852DE521},"-40476.49179999996,163788.1729000006"
30,Rua de Sobreiras,180,Ativo,4.3.1 - Lugar não individualizado longitudinal em retângulo,Sim,Sim,10,Sim,32,{BFC4D0AF-7BDD-4571-ADE8-510EFB21236D},"-44292.129399999976,164372.0781999994"
31,Praça da Corujeira,133,Ativo,4.2.1 - Lugar individualizado longitudinal em retângulo,Sim,Sim,10,Sim,33,{923E3679-D953-484B-8E07-D489CB9AC704},"-37466.18290000036,165327.35419999994"
32,Rua Henrique de Sousa Reis,211,Ativo,4.2.3 - Lugar individualizado oblíquo,Sim,Sim,10,Sim,34,{E614E2CE-3C03-4FC0-8D90-7D68E1938604},"-38341.99459999986,167674.5809000004"
33,Rua de Gonçalo Sampaio,82,Ativo,4.2.1 - Lugar individualizado longitudinal em retângulo,Sim,Sim,10,Sim,35,{A25110C5-EA45-4924-A5E4-19AAFA9BB703},"-41712.90020000003,165268.67109999992"
34,Rua da Travagem,194,Ativo,4.3.2 - Lugar não individualizado longitudinal em paralelogramo,Sim,Sim,10,Sim,36,{90542A6D-9C76-4957-8F96-446DFD1A21F5},"-42213.59339999966,166377.79539999925"
35,Via Panoramica,74,Ativo,4.2.1 - Lugar individualizado longitudinal em retângulo,Sim,Sim,10,Sim,37,{65E929F3-6486-4A36-A998-6A4D7042BCF2},"-42252.623700000346,164647.35810000077"
36,Rua das Estrelas,75,Ativo,4.2.1 - Lugar individualizado longitudinal em retângulo,Sim,Sim,10,Sim,38,{69167BB6-35E9-4DAB-A225-0B3C12F5AB74},"-42487.167100000195,164719.0680999998"
37,Rua do Professor Bento de Jesus Caraça,43,Ativo,4.2.2 - Lugar individualizado longitudinal em paralelogramo,Sim,Sim,10,Sim,39,{B35D6036-1127-4047-9659-3AFC02B3C8B9},"-39004.40390000027,166081.76549999975"
38,Avenida do Dr. Antunes Guimarães,96,Ativo,4.3.4 - Lugar não individualizado perpendicular,Sim,Sim,10,Sim,40,{34909E1A-9CF1-431C-9B7D-A040EEC64CB4},"-44420.44060000032,166252.33720000088"
39,Rua do Dr. Sousa Avides,39,Ativo,4.2.4 - Lugar individualizado perpendicular,Sim,Sim,10,Sim,41,{091416FA-81A3-4F47-AEF5-422D671B6214},"-38349.110299999826,164763.48819999956"
40,Rua de Manuel Pinto de Azevedo,145,Ativo,4.3.1 - Lugar não individualizado longitudinal em retângulo,Sim,Sim,10,Sim,42,{0E66C7E0-228F-43B1-B198-2DD8BB44769D},"-43117.427600000054,167194.58320000023"
41,Rua de João de Barros,169,Ativo,4.2.1 - Lugar individualizado longitudinal em retângulo,Sim,Sim,10,Sim,43,{63E15C0B-884B-4501-BAB2-56870ED9FD24},"-44464.197200000286,165177.2039999999"
42,Rua do Molhe,26,Ativo,4.2.1 - Lugar individualizado longitudinal em retângulo,Sim,Sim,10,Sim,44,{9869A090-D345-4BD8-9E56-4B1E582B7B82},"-46195.36220000032,165726.92640000023"
43,Rua de Currais,209,Ativo,4.3.1 - Lugar não individualizado longitudinal em retângulo,Sim,Sim,10,Sim,45,{F1934C75-541F-497E-B1FD-8F3D5209FFED},"-37719.28619999997,167412.44449999928"
44,Praça de D. Afonso V,166,Ativo,4.3.3 - Lugar não individualizado oblíquo,Sim,Sim,10,Sim,46,{30B6A5CA-7093-4AB1-9F8C-017D404691A7},"-44739.33519999962,165730.35119999945"
45,Avenida da Cidade de Xangai,196,Ativo,4.2.1 - Lugar individualizado longitudinal em retângulo,Sim,Sim,10,Sim,47,{217C7568-0C0E-4DD3-AE5C-EBCCFDBCA40A},"-41968.77130000014,167218.64049999975"
46,Rua do Engenheiro Ferreira Dias,141,Ativo,4.2.1 - Lugar individualizado longitudinal em retângulo,Sim,Sim,10,Sim,48,{6581862A-8A3D-4F88-AC41-21C2822A129A},"-43030.4271999998,167440.88529999927"
47,Rua de Diogo Botelho,101,Ativo,4.3.2 - Lugar não individualizado longitudinal em paralelogramo,Sim,Sim,10,Sim,49,{C1A10275-36F5-41EF-B8C1-8F4B82286518},"-45186.27720000036,165101.9553999994"
48,Rua do Passeio Alegre,79,Ativo,4.3.1 - Lugar não individualizado longitudinal em retângulo,Sim,Sim,10,Sim,50,{A6718CBB-D23C-4B05-8D58-67F6C8C67516},"-45075.2603000002,164509.79309999943"
49,Rua do Ouro,36,Ativo,4.3.1 - Lugar não individualizado longitudinal em retângulo,Sim,Sim,10,Sim,51,{56DA646C-E07E-4E61-9424-2020A0D321A4},"-42942.724100000225,164470.13299999945"
50,Rua do Campo Alegre,179,Ativo,4.2.1 - Lugar individualizado longitudinal em retângulo,Sim,Sim,10,Sim,52,{F09B79DB-B083-45C9-B7DC-FE81F5F6EB9A},"-42819.10570000019,165144.95560000092"
51,Avenida das Congostas,198,Ativo,4.2.1 - Lugar individualizado longitudinal em retângulo,Sim,Sim,10,Sim,53,{CB44F4D4-2A98-4137-BEC9-57016063DA1A},"-42110.691200000234,167518.16149999946"
52,Avenida da Boavista,183,Ativo,4.3.2 - Lugar não individualizado longitudinal em paralelogramo,Sim,Sim,10,Sim,54,{732C62AE-8AAC-470D-AF4D-D993EBE1100F},"-44049.3367999997,166070.2927000001"
53,Rua de Ramalho Ortigão,118,Ativo,4.2.3 - Lugar individualizado oblíquo,Sim,Sim,20,Sim,55,{C1C6C2ED-C018-43A6-9AA4-76ABDC246661},"-40164.09580000024,164552.10789999925"
54,Rua de Damião de Góis,150,Ativo,4.2.4 - Lugar individualizado perpendicular,Sim,Sim,10,Sim,56,{D4F67B99-9FFD-4E19-92A9-9445FB9DD0F9},"-40166.09449999966,165944.73939999938"
55,Rua de Santos Pousada,47,Ativo,4.2.1 - Lugar individualizado longitudinal em retângulo,Sim,Sim,10,Sim,57,{22FD6544-BF5D-4E30-AE1E-914B287E43F0},"-39083.85919999983,165598.56540000066"
56,Largo de Soares dos Reis,52,Ativo,4.2.1 - Lugar individualizado longitudinal em retângulo,Sim,Sim,10,Sim,58,{0FCDEC2C-3257-449E-BF77-2A40A9D47C83},"-38860.977199999616,164202.75950000063"
57,Rua de Paulo da Gama,182,Ativo,4.3.1 - Lugar não individualizado longitudinal em retângulo,Sim,Sim,10,Sim,59,{CF2B3675-CBC9-418C-82B5-76044F3AFF06},"-44209.45839999989,164488.25630000047"
58,Avenida do Marechal Gomes da Costa,105,Ativo,4.3.2 - Lugar não individualizado longitudinal em paralelogramo,Sim,Sim,10,Sim,60,{5505AAF4-2C52-4121-B540-C209CD41105A},"-44620.48379999958,165610.61360000074"
59,Campo dos Mártires da Pátria,67,Ativo,4.2.1 - Lugar individualizado longitudinal em retângulo,Sim,Sim,10,Sim,61,{2A64F748-DBF4-4DAB-93AD-F4DEBB12413F},"-40654.16830000002,164121.25060000084"
60,Passeio das Virtudes,73,Ativo,4.2.1 - Lugar individualizado longitudinal em retângulo,Sim,Sim,10,Sim,62,{A7C593B1-1DD2-4A01-BD21-48C35FA0AD93},"-40735.6484000003,164016.01590000093"
61,Rua de Pinho Leal,165,Ativo,4.3.4 - Lugar não individualizado perpendicular,Sim,Sim,10,Sim,63,{2817CCC8-10F9-4086-BA73-E9CAE904CD13},"-45004.71480000019,166140.16449999996"
62,Avenida do Dr. Antunes Guimarães,136,Ativo,4.2.1 - Lugar individualizado longitudinal em retângulo,Sim,Sim,10,Sim,64,{FE5304FF-5574-45C8-8BD0-71986D63479D},"-44192.76690000016,166611.1509000007"
63,Rua de Cedofeita,156,Ativo,4.2.2 - Lugar individualizado longitudinal em paralelogramo,Sim,Sim,10,Sim,65,{B05C1DC5-233C-4018-B4B7-D7209EFA60EF},"-40783.357400000095,165183.15929999948"
64,Avenida de Camilo,50,Ativo,4.3.1 - Lugar não individualizado longitudinal em retângulo,Sim,Sim,10,Sim,66,{5A1316EF-BE9A-41D4-8B44-4C718DBF9022},"-38752.21569999959,164512.30920000002"
65,Rua de Alberto Aires de Gouveia,173,Ativo,4.2.1 - Lugar individualizado longitudinal em retângulo,Sim,Sim,10,Sim,67,{6930A99F-7132-43B5-B618-54E321E9DCFE},"-40899.006599999964,164243.3646000009"
66,Avenida do Dr. Antunes Guimarães,137,Ativo,4.2.1 - Lugar individualizado longitudinal em retângulo,Sim,Sim,10,Sim,68,{BA2D1006-12A7-43E5-8B16-C1185D69BDA4},"-44141.98290000018,166688.98289999925"
67,Rua de Jorge Viterbo Ferreira,68,Ativo,4.2.1 - Lugar individualizado longitudinal em retângulo,Sim,Sim,10,Sim,69,{79752B64-4F9A-4A9D-8B54-F684EDD1EF7C},"-41241.20129999984,164409.09889999963"
68,Rua de Entreparedes,56,Ativo,4.3.1 - Lugar não individualizado longitudinal em retângulo,Sim,Sim,10,Sim,70,{7B5BBBB7-EFC1-45A1-B76B-39F723609416},"-39732.4068,164093.56959999911"
69,Rua Helena Sá Costa,111,Ativo,4.3.1 - Lugar não individualizado longitudinal em retângulo,Sim,Sim,10,Sim,71,{9A6E53E4-58D2-4837-9037-8C08912CF239},"-41753.97259999998,165920.95949999988"
70,Rua do Monte Aventino,41,Ativo,4.3.4 - Lugar não individualizado perpendicular,Sim,Sim,10,Sim,72,{6221B904-6860-4972-821D-9D551872DF70},"-38266.08609999996,165941.71279999986"
71,Rua de Miguel Bombarda,63,Ativo,4.2.1 - Lugar individualizado longitudinal em retângulo,Sim,Sim,10,Sim,73,{E530A27A-4B4F-45B4-9FB2-EB4AAF0460EE},"-41096.07620000001,164582.86390000023"
72,Rua de D. Pedro V,204,Ativo,4.2.1 - Lugar individualizado longitudinal em retângulo,Sim,Sim,10,Sim,74,{F40DB048-36C8-44DB-98F9-B892A9F7E713},"-41793.324900000356,164572.7609000001"
73,Travessa das Antas,40,Ativo,4.3.1 - Lugar não individualizado longitudinal em retângulo,Sim,Sim,10,Sim,75,{1EC04B8A-AEE0-4E84-B7BD-BAC92A4954DC},"-38299.33110000007,165751.47699999996"
74,Rua Padre Diamantino Gomes,201,Ativo,4.2.1 - Lugar individualizado longitudinal em retângulo,Sim,Sim,10,Sim,76,{BCBDAF77-4C2F-44E3-B080-38E220ABD2AD},"-42309.72890000045,167253.2246000003"
75,Avenida de D. Carlos I,20,Ativo,4.2.1 - Lugar individualizado longitudinal em retângulo,Sim,Sim,10,Sim,77,{5B538506-0FE3-40B1-AD6A-781839771828},"-45213.01719999965,164408.7497000005"
76,Rua da Igreja de Ramalde,192,Ativo,4.2.1 - Lugar individualizado longitudinal em retângulo,Sim,Sim,10,Sim,78,{BDED5C83-4FCD-458E-9B29-DBC24A21EA1F},"-43231.06460000016,166717.02559999935"
77,Rua de Salazares,146,Ativo,4.3.1 - Lugar não individualizado longitudinal em retângulo,Sim,Sim,10,Sim,79,{DC89AF5C-7945-4ACD-B2EC-A0074B5B127C},"-44014.952499999665,167583.00180000067"
78,Via Futebol Clube do Porto,6,Ativo,4.2.2 - Lugar individualizado longitudinal em paralelogramo,Sim,Sim,10,Sim,80,{B5C2262B-DFEE-4EFB-8156-B7680936C9FC},"-37799.26989999972,166098.98110000044"
79,Rua do Estrela e Vigorosa Sport,216,Ativo,4.2.2 - Lugar individualizado longitudinal em paralelogramo,Sim,Sim,10,Sim,81,{34F66C82-935F-419F-BC85-AE2120543654},"-38263.093500000425,166518.24129999988"
80,Rua do Dr. António Bernardino de Almeida,11,Ativo,4.2.1 - Lugar individualizado longitudinal em retângulo,Sim,Sim,10,Sim,82,{B1BF3974-BD5F-4FB2-BFA1-28B254402DD4},"-39815.51609999966,167655.46880000085"
81,Rua de Delfim Maia,189,Ativo,4.3.2 - Lugar não individualizado longitudinal em paralelogramo,Sim,Sim,10,Sim,83,{DD9A1328-AAEF-47FD-A5AE-BAD1B47E484A},"-43223.47180000041,166976.15069999918"
82,Rua de Aleixo Mota,110,Ativo,4.3.1 - Lugar não individualizado longitudinal em retângulo,Sim,Sim,10,Sim,84,{E48A9F1E-A8D3-47C6-B5D6-62515D78B55A},"-43875.80140000023,164699.9243999999"
83,Praça de Mouzinho de Albuquerque,90,Ativo,4.2.1 - Lugar individualizado longitudinal em retângulo,Sim,Sim,10,Sim,85,{56C71A27-9DA3-4B94-8C14-4304FBC51612},"-41671.09570000041,165425.28360000066"
84,Praça da República,2,Ativo,4.2.2 - Lugar individualizado longitudinal em paralelogramo,Sim,Sim,10,Sim,86,{D29333C0-4627-495B-B91B-E48309A8B3AC},"-40222.29030000046,165207.1701999996"
85,Praça de Guilherme Gomes Fernandes,69,Ativo,4.2.1 - Lugar individualizado longitudinal em retângulo,Sim,Sim,10,Sim,87,{026C41BA-F1F3-46F1-94CF-567021B62E6A},"-40436.314100000076,164416.54169999994"
86,Rua de João de Barros,170,Ativo,4.3.2 - Lugar não individualizado longitudinal em paralelogramo,Sim,Sim,10,Sim,88,{1A59C026-1ECC-4275-B34F-7EEC961B6768},"-44389.6436999999,165031.37170000002"
87,Avenida da Boavista,93,Ativo,4.2.1 - Lugar individualizado longitudinal em retângulo,Sim,Sim,10,Sim,89,{3436326F-4E93-44A1-A68F-7FDEF4D9EE39},"-42349.06309999991,165687.38719999976"
88,Rua do Campo Alegre,76,Ativo,4.2.1 - Lugar individualizado longitudinal em retângulo,Sim,Sim,10,Sim,90,{26177650-6EB2-4CF3-A638-0C5981A6D954},"-42728.79339999985,165108.9955000002"
89,Rua da Alegria,45,Ativo,4.2.3 - Lugar individualizado oblíquo,Sim,Sim,10,Sim,91,{AB708BA9-2283-4646-94F2-7B71CC0BC504},"-39080.705400000326,166304.14829999954"
90,Rua de Tânger,97,Ativo,4.2.4 - Lugar individualizado perpendicular,Sim,Sim,10,Sim,92,{E2CF5E94-3D4D-40ED-BF99-66E1774ACB7A},"-44475.870900000446,166148.4879999999"
91,Rua Padre Diamantino Gomes,200,Ativo,4.2.1 - Lugar individualizado longitudinal em retângulo,Sim,Sim,10,Sim,93,{8FE146B2-0AE8-4A55-AA31-01491A7A969A},"-42067.8415000001,167359.6593999993"
92,Praça dos Poveiros,55,Ativo,4.2.1 - Lugar individualizado longitudinal em retângulo,Sim,Sim,10,Sim,94,{F17AF50D-0039-4A05-A81D-776AE9195426},"-39551.11639999971,164210.9508999996"
93,Avenida do Brasil,28,Ativo,4.2.2 - Lugar individualizado longitudinal em paralelogramo,Sim,Sim,10,Sim,95,{39E12C27-280F-4943-8591-0A821FE44E1C},"-46044.51130000036,165458.09789999947"
94,Rua Henrique de Sousa Reis,213,Ativo,4.2.3 - Lugar individualizado oblíquo,Sim,Sim,10,Sim,96,{B54D8961-7507-4FB3-BADA-CF9204EAB493},"-38492.07320000045,167654.3599999994"
95,Rua da Constituição,147,Ativo,4.2.1 - Lugar individualizado longitudinal em retângulo,Sim,Sim,10,Sim,97,{7328F5D2-B204-40DA-B81A-92260FAA7110},"-40895.650899999775,166187.0343999993"
96,Rua de S. Brás,153,Ativo,4.2.1 - Lugar individualizado longitudinal em retângulo,Sim,Sim,10,Sim,98,{667E8758-7CC6-4A92-8DC1-7A5EB26B1531},"-40031.925099999644,165789.2918999996"
97,Avenida de Gustavo Eiffel,37,Ativo,4.2.1 - Lugar individualizado longitudinal em retângulo,Sim,Sim,10,Sim,99,{97BF5130-B8AA-483E-9CE0-F7FFDE1DB9D5},"-39587.479799999855,163740.7100000009"
98,Largo da Lapa,154,Ativo,4.2.1 - Lugar individualizado longitudinal em retângulo,Sim,Sim,10,Sim,100,{26484200-15C3-433D-A0BC-30186E2DA88B},"-40151.65029999986,165420.86510000005"
99,Avenida da Cidade de Xangai,197,Ativo,4.2.1 - Lugar individualizado longitudinal em retângulo,Sim,Sim,10,Sim,101,{2F37F4F3-45F5-438D-9010-16637AC3A22A},"-42089.99650000036,167474.16809999943"
100,Rua da Constituição,113,Ativo,4.2.1 - Lugar individualizado longitudinal em retângulo,Sim,Sim,10,Sim,102,{7EC60C83-8166-488E-B869-15B5DBFA161F},"-39833.00789999962,166004.86370000057"
101,Rua de Calouste Gulbenkian,177,Ativo,4.2.2 - Lugar individualizado longitudinal em paralelogramo,Sim,Sim,10,Sim,103,{3076465E-70B2-4DE0-B146-ADD222E0F172},"-41496.629099999554,164844.8002000004"
102,Rua do Porto Feliz,207,Ativo,4.3.1 - Lugar não individualizado longitudinal em retângulo,Sim,Sim,10,Sim,104,{9F161949-CB7C-4BAF-A46A-3A348FF81D7F},"-37782.42609999981,167396.66410000063"
103,Esplanada do Castelo,30,Ativo,4.3.1 - Lugar não individualizado longitudinal em retângulo,Sim,Sim,10,Sim,105,{564241DB-CA33-41EB-9468-DC8A406B41AF},"-45196.9609000003,164563.0538999997"
104,Avenida do Brasil,29,Ativo,4.3.3 - Lugar não individualizado oblíquo,Sim,Sim,15,Sim,106,{56044FAD-14B0-45C5-8015-EFA385AA3EC1},"-45825.941800000146,165109.98379999958"
105,Avenida do Parque,98,Ativo,4.3.2 - Lugar não individualizado longitudinal em paralelogramo,Sim,Sim,10,Sim,107,{EF7E2E5F-3FF7-41EE-A995-A278D1549FDA},"-45220.8861999996,166424.55480000004"
106,Rua da Constituição,148,Ativo,4.2.1 - Lugar individualizado longitudinal em retângulo,Sim,Sim,10,Sim,108,{5E59AAAD-7E8D-4949-BC87-1B386EE75F40},"-40537.26620000042,166126.65499999933"
107,Rua da Cerca,100,Ativo,4.2.3 - Lugar individualizado oblíquo,Sim,Sim,10,Sim,109,{2E594DC1-EE1F-4DA9-84AC-DF6998FE127E},"-45402.803399999626,165145.875"
108,Rua de Guedes de Azevedo,60,Ativo,4.2.1 - Lugar individualizado longitudinal em retângulo,Sim,Sim,10,Sim,110,{84A56615-E0B1-43DB-B8A3-C5596743EA5C},"-39785.379200000316,164903.02270000055"
109,Rua Alfredo Allen,1,Ativo,4.2.1 - Lugar individualizado longitudinal em retângulo,Sim,Sim,10,Sim,111,{F74A281B-EADE-43A2-846A-D4F7CBED6427},"-39620.45990000013,167708.1813999992"
110,Rua de Saraiva de Carvalho,205,Ativo,4.2.1 - Lugar individualizado longitudinal em retângulo,Sim,Sim,10,Sim,112,{5A27E4CF-E27D-4275-945A-C3E53428C389},"-39983.16119999997,163886.9416000005"
111,Rua Alfredo Allen,13,Ativo,4.2.1 - Lugar individualizado longitudinal em retângulo,Sim,Sim,10,Sim,113,{C16F2818-9FA9-419A-9D0E-DE4D5131F6ED},"-39495.32799999975,167406.08720000088"
112,Avenida do Marechal Gomes da Costa,167,Ativo,4.3.2 - Lugar não individualizado longitudinal em paralelogramo,Sim,Sim,10,Sim,114,{827FD201-B79E-4AC9-8D23-6D7B98A947FE},"-44685.92960000038,165546.68649999984"
113,Rua de Delfim Maia,190,Ativo,4.2.1 - Lugar individualizado longitudinal em retângulo,Sim,Sim,10,Sim,115,{5A40E800-2940-486A-AC0C-EA5FA9D88F77},"-43571.229500000365,167328.8021000009"
114,Rua de D. João de Castro,106,Ativo,4.3.1 - Lugar não individualizado longitudinal em retângulo,Sim,Sim,10,Sim,116,{BB4D50C1-62B9-4E12-AEF5-99022E4DBFE1},"-44237.63239999954,165705.79419999942"
115,Rua do Bolama,44,Ativo,4.2.4 - Lugar individualizado perpendicular,Sim,Sim,10,Sim,117,{FACBAFCC-C655-44C6-9F51-7FFC03D3A04E},"-39495.96530000027,166363.96409999952"
116,Rua de Gonçalo Cristóvão,162,Ativo,4.2.4 - Lugar individualizado perpendicular,Sim,Sim,10,Sim,118,{D596C859-48EA-4092-A369-3A336EC51C69},"-40052.18829999957,165028.24450000003"
117,Rua do Passeio Alegre,171,Ativo,4.2.4 - Lugar individualizado perpendicular,Sim,Sim,10,Sim,119,{8551F5EE-6739-44BA-BA91-7B81A3EB4E0D},"-44852.98020000011,164402.3228999991"
118,Rua de Santa Catarina,164,Ativo,4.2.1 - Lugar individualizado longitudinal em retângulo,Sim,Sim,10,Sim,120,{CB8352FE-61D8-470C-BA88-28513D71AC3E},"-39579.7368999999,165407.5253999997"
119,Via Panoramica,78,Ativo,4.3.1 - Lugar não individualizado longitudinal em retângulo,Sim,Sim,10,Sim,121,{AE283432-0EFF-4AFD-87D7-D479FDCE4017},"-42350.65510000009,164914.67500000075"
120,Rua de Fernandes Tomás,59,Ativo,4.2.1 - Lugar individualizado longitudinal em retângulo,Sim,Sim,20,Sim,122,{0814D2F8-3CDF-4A17-A6E7-D5C9D9412CA5},"-39610.53600000031,164595.6208999995"
121,Rua do Campo Alegre,77,Ativo,4.2.2 - Lugar individualizado longitudinal em paralelogramo,Sim,Sim,10,Sim,123,{EB025A48-A29C-42AF-AC0A-C314F0478848},"-42425.161899999715,165004.07789999992"
122,Rua do Melo,157,Ativo,4.2.4 - Lugar individualizado perpendicular,Sim,Sim,10,Sim,124,{D97E790F-A5D1-4ED4-BF82-CFD2D1F0C694},"-40702.003800000064,165457.56240000017"
123,Rua de Gil Eanes,107,Ativo,4.2.1 - Lugar individualizado longitudinal em retângulo,Sim,Sim,10,Sim,125,{25481CEA-A1F3-474C-9751-4CC5761630D1},"-44259.03569999989,165520.6877999995"
124,Rua de Nossa Senhora de Fátima,87,Ativo,4.2.1 - Lugar individualizado longitudinal em retângulo,Sim,Sim,10,Sim,126,{84808549-04D8-4FB1-8CAE-7171572FBDB2},"-41518.22250000015,165595.78250000067"
125,Rua do Dr. António Bernardino de Almeida,12,Ativo,4.2.1 - Lugar individualizado longitudinal em retângulo,Sim,Sim,10,Sim,127,{9B252917-3327-470D-88E0-6DAAF58F8214},"-39728.050300000235,167770.47309999913"
126,Rua de Camões,128,Ativo,4.2.1 - Lugar individualizado longitudinal em retângulo,Sim,Sim,20,Sim,128,{979C6753-8E04-4A89-B4D0-E31F6E8CD245},"-40025.52419999987,164903.4129000008"
127,Rua de Sá da Bandeira,130,Ativo,4.2.1 - Lugar individualizado longitudinal em retângulo,Sim,Sim,10,Sim,129,{84CEC266-9155-4A52-8521-AF9C61EDEF1B},"-39886.82249999978,164421.96749999933"
128,Rua de João de Barros,168,Ativo,4.2.2 - Lugar individualizado longitudinal em paralelogramo,Sim,Sim,10,Sim,130,{1A4C776B-277D-4D26-BE1A-115CE12C8C69},"-44548.35030000005,165349.30289999954"
129,Rua de Miguel Bombarda,62,Ativo,4.2.1 - Lugar individualizado longitudinal em retângulo,Sim,Sim,10,Sim,131,{0875CE1D-746B-43E8-8F74-271C7C51B68D},"-40698.95859999955,164651.54240000062"
130,Avenida de Fernão de Magalhães,208,Ativo,4.3.1 - Lugar não individualizado longitudinal em retângulo,Sim,Sim,10,Sim,132,{3EE61232-4314-40FE-86F6-356EA9C3759F},"-37831.78369999956,167455.94180000015"
131,Rua de Júlio Dinis,89,Ativo,4.2.1 - Lugar individualizado longitudinal em retângulo,Sim,Sim,10,Sim,133,{EB13F608-4EA2-497E-8801-70373B386137},"-41579.89690000005,165413.16229999997"
132,Avenida de Fernão de Magalhães,7,Ativo,4.3.1 - Lugar não individualizado longitudinal em retângulo,Sim,Sim,10,Sim,134,{29D386B7-7ACA-4AD9-8ABF-4249C1AF5226},"-38213.59410000034,166364.17190000042"
133,Rua de Alberto Aires de Gouveia,175,Ativo,4.2.1 - Lugar individualizado longitudinal em retângulo,Sim,Sim,10,Sim,135,{6DB46E1B-F7E1-4EDA-9188-DEC3D4DFDC47},"-40913.313400000334,164328.95519999973"
134,Rua de Júlio Dinis,71,Ativo,4.2.1 - Lugar individualizado longitudinal em retângulo,Sim,Sim,10,Sim,136,{9968628E-E1A7-4EB5-B590-622F8066FAEB},"-41353.36610000022,164586.41080000065"
135,Esplanada do Castelo,31,Ativo,4.3.3 - Lugar não individualizado oblíquo,Sim,Sim,10,Sim,137,{07C4CF84-573E-47BB-9D41-E76AEB622721},"-45564.08380000014,164605.97949999943"
136,Rua do Dr. Eduardo Santos Silva,210,Ativo,4.3.1 - Lugar não individualizado longitudinal em retângulo,Sim,Sim,10,Sim,138,{0790FA90-5997-4AD0-8ED0-91F9C2940C70},"-38078.363199999556,167799.05650000088"
137,Rua João Marques Pinto,5,Ativo,4.2.2 - Lugar individualizado longitudinal em paralelogramo,Sim,Sim,10,Sim,139,{EC48362C-8424-4C37-A1DC-6DFEA96FCB1E},"-37720.452600000426,165722.2854999993"
138,Rua do Arquitecto Cassiano Barbosa,135,Ativo,4.3.1 - Lugar não individualizado longitudinal em retângulo,Sim,Sim,10,Sim,140,{D86538A8-F1D9-46C4-A6FE-82AD216A2586},"-43330.454800000414,166478.59860000014"
139,Praça da Corujeira,132,Ativo,4.2.4 - Lugar individualizado perpendicular,Sim,Sim,10,Sim,141,{09BF2AD0-4922-4275-A745-1B7AA2047FBA},"-37469.531000000425,165572.2918999996"
140,Rua D. Frei Vicente da Soledade e Castro,214,Ativo,4.3.3 - Lugar não individualizado oblíquo,Sim,Sim,10,Sim,142,{13AD829E-CBAE-4CE9-9435-F61FB413AB57},"-38720.14419999998,167643.73900000006"
141,Avenida das Congostas,199,Ativo,4.2.1 - Lugar individualizado longitudinal em retângulo,Sim,Sim,10,Sim,143,{97D5E1B6-FF32-416E-B069-0C73628542E3},"-42068.64690000005,167862.43249999918"
142,Avenida de Rodrigues de Freitas,53,Ativo,4.2.1 - Lugar individualizado longitudinal em retângulo,Sim,Sim,10,Sim,144,{304C9E55-7171-45F3-9A09-D3B1DF82E06A},"-39241.6297000004,164180.71939999983"
143,Rua do Ouro,116,Ativo,4.3.1 - Lugar não individualizado longitudinal em retângulo,Sim,Sim,10,Sim,145,{5AF45A4C-EAB8-4B9C-8450-38BCA9AF722B},"-42369.68439999968,164479.52930000052"
144,Rua dos Bragas,61,Ativo,4.2.1 - Lugar individualizado longitudinal em retângulo,Sim,Sim,10,Sim,146,{063CD3AA-E282-4F16-9C30-69E639E86A6A},"-40606.27479999978,164933.80709999986"
145,Rua do Engenheiro Ezequiel de Campos,188,Ativo,4.3.4 - Lugar não individualizado perpendicular,Sim,Sim,10,Sim,147,{4CDF4C91-ED82-4B68-85A7-8E425521A99D},"-43701.906200000085,167299.82349999994"
146,Rua do Ouro,34,Ativo,4.3.4 - Lugar não individualizado perpendicular,Sim,Sim,10,Sim,148,{F2C9595C-1572-433C-83A3-06EEE76E0DFA},"-43616.093799999915,164449.34090000018"
147,Rua da Estação,38,Ativo,4.2.4 - Lugar individualizado perpendicular,Sim,Sim,20,Sim,149,{AE1B357D-F27D-4DDF-B6BF-2537846429E5},"-38028.40560000017,164431.6685000006"
148,Rua de D. João IV,54,Ativo,4.2.1 - Lugar individualizado longitudinal em retângulo,Sim,Sim,10,Sim,150,{7703F537-25FE-4762-819A-D464D97E890B},"-39359.56790000014,164218.7533999998"
149,Largo do Actor Dias,58,Ativo,4.3.1 - Lugar não individualizado longitudinal em retângulo,Sim,Sim,10,Sim,151,{188C61B1-88BE-4CF6-9EBF-A5AECD1D1C59},"-39890.093700000085,163826.83809999935"
150,Avenida da Boavista,94,Ativo,4.2.1 - Lugar individualizado longitudinal em retângulo,Sim,Sim,10,Sim,152,{91127E57-4503-4242-BDAE-FF2BB1450678},"-42840.95920000039,165817.9751999993"
151,Rua de Damião de Góis,114,Ativo,4.2.3 - Lugar individualizado oblíquo,Sim,Sim,10,Sim,153,{484441FA-46EA-4120-A8A9-370658275686},"-40224.0876000002,165974.09420000017"
152,Rua de Santos Pousada,49,Ativo,4.3.1 - Lugar não individualizado longitudinal em retângulo,Sim,Sim,10,Sim,154,{659410B5-70D6-4381-B554-658534C35CD9},"-39221.22800000012,164670.6400000006"
153,Alameda das Antas,203,Ativo,4.2.2 - Lugar individualizado longitudinal em paralelogramo,Sim,Sim,10,Sim,155,{37A2A81E-D1D1-4D87-8CB4-D7490F02E527},"-38037.38889999967,166113.77040000074"
154,Avenida da Boavista,88,Ativo,4.3.1 - Lugar não individualizado longitudinal em retângulo,Sim,Sim,10,Sim,156,{E2AB4D90-37E7-4C06-9F34-1F7F10C7F736},"-41511.37280000001,165496.99620000087"
155,Avenida do Brasil,27,Ativo,4.2.1 - Lugar individualizado longitudinal em retângulo,Sim,Sim,10,Sim,157,{8A5058A3-3212-4871-93D6-A443012571DD},"-46186.09439999983,165682.53280000016"
156,Rua Júlio Amaral de Carvalho,16,Ativo,4.2.1 - Lugar individualizado longitudinal em retângulo,Sim,Sim,10,Sim,158,{BCDD21F7-CEE3-4AC7-9266-CEB07FE5CC77},"-39275.29580000043,167547.16599999927"
157,Avenida do Marechal Gomes da Costa,103,Ativo,4.3.2 - Lugar não individualizado longitudinal em paralelogramo,Sim,Sim,10,Sim,159,{D52F3B9D-AB2E-46D5-8940-C1C21AABF78C},"-44856.98629999999,165489.2773000002"
158,Rua de Alcântara,33,Ativo,4.2.1 - Lugar individualizado longitudinal em retângulo,Sim,Sim,10,Sim,160,{6BF85602-F24D-4915-8505-086E1033BA36},"-43968.564299999736,164354.80599999987"
159,Praça da República,3,Ativo,4.2.3 - Lugar individualizado oblíquo,Sim,Sim,10,Sim,161,{15430D31-DABC-4459-8C69-5BB4F93B8694},"-40288.669599999674,165070.25840000063"
160,Avenida da Boavista,99,Ativo,4.2.1 - Lugar individualizado longitudinal em retângulo,Sim,Sim,10,Sim,162,{DE973533-B970-4DC8-B28F-23C57D8034D2},"-45927.351700000465,166525.23359999992"
161,Rua do Engenheiro Ferreira Dias,140,Ativo,4.3.1 - Lugar não individualizado longitudinal em retângulo,Sim,Sim,10,Sim,163,{3606F203-7F0F-4A2A-A52C-51AF3C12811A},"-42810.5784,167200.62120000087"
162,Rua de João Grave,95,Ativo,4.3.1 - Lugar não individualizado longitudinal em retângulo,Sim,Sim,10,Sim,164,{03AFC99A-5A6C-47A7-A49E-692D77FAC80A},"-42879.504200000316,165791.40560000017"
163,Rua Alfredo Allen,14,Ativo,4.2.1 - Lugar individualizado longitudinal em retângulo,Sim,Sim,10,Sim,165,{5AC50252-0938-49FC-B1D5-7D018E84B7AE},"-39490.66530000046,167295.44749999978"
164,Avenida de Montevideu,24,Ativo,4.2.1 - Lugar individualizado longitudinal em retângulo,Sim,Sim,10,Sim,166,{7075DF0A-19A1-4E68-865D-894A26F931F9},"-46554.70050000027,166544.92960000038"
165,Rua da Constituição,149,Ativo,4.2.1 - Lugar individualizado longitudinal em retângulo,Sim,Sim,10,Sim,167,{52DDDC10-9392-4930-90A6-B8D7323EAB00},"-40139.16349999979,166057.3995999992"
166,Praça de Nove de Abril,22,Ativo,4.2.1 - Lugar individualizado longitudinal em retângulo,Sim,Sim,10,Sim,168,{CC3E3C20-8D33-4827-BB7D-9E52C749090B},"-40244.805300000124,166990.85920000076"
167,Avenida de Vasco da Gama,191,Ativo,4.2.3 - Lugar individualizado oblíquo,Sim,Sim,10,Sim,169,{001B74A9-9D75-4DB0-8583-FC0E4FF50A9A},"-43941.90830000024,166978.58159999922"
168,Avenida do Marechal Gomes da Costa,104,Ativo,4.3.1 - Lugar não individualizado longitudinal em retângulo,Sim,Sim,10,Sim,170,{D26FBF52-E10C-49BB-BD54-F4BD1E35831B},"-44849.18120000046,165462.87179999985"
169,Rua das Cruzes,139,Ativo,4.3.4 - Lugar não individualizado perpendicular,Sim,Sim,10,Sim,171,{CAB412F3-C6BE-4F32-86E2-6569D29A42E6},"-42677.45419999957,167143.80059999973"
170,Rua do Rosário,174,Ativo,4.2.1 - Lugar individualizado longitudinal em retângulo,Sim,Sim,10,Sim,172,{1C3124D8-B5C4-4730-B2C9-51918DF8B8A6},"-40915.381799999624,164415.7703000009"
171,Rua Actor João Guedes,185,Ativo,4.2.1 - Lugar individualizado longitudinal em retângulo,Sim,Sim,10,Sim,173,{9FDB7B30-43F0-49D0-8CAA-1902DA872F4E},"-40499.376400000416,164441.1791999992"
172,Rua do Dr. Plácido da Costa,19,Ativo,4.2.1 - Lugar individualizado longitudinal em retângulo,Sim,Sim,20,Sim,174,{CA0A10C9-3A83-4A5C-9F02-FA5C47A9686A},"-39187.05190000031,167844.80360000022"
173,Rua de Camões,152,Ativo,4.2.2 - Lugar individualizado longitudinal em paralelogramo,Sim,Sim,10,Sim,175,{A6E5CBE3-1746-499D-9D41-97B47C2C57F0},"-40015.23919999972,165762.0287999995"
174,Avenida da Cidade de Xangai,195,Ativo,4.2.1 - Lugar individualizado longitudinal em retângulo,Sim,Sim,10,Sim,176,{A7A0374D-9655-40E9-9680-41DC0B6E8010},"-41877.18989999965,166878.4386"
175,Rua do Campo Alegre,178,Ativo,4.2.1 - Lugar individualizado longitudinal em retângulo,Sim,Sim,10,Sim,177,{0237BA99-4FF7-4DAD-9391-0F7D90FCFAAC},"-42607.54870000016,165061.60649999976"
176,Rua Henrique de Sousa Reis,212,Ativo,4.2.3 - Lugar individualizado oblíquo,Sim,Sim,10,Sim,178,{7139834B-6431-44B9-A432-50A56730CED3},"-38373.063400000334,167659.22839999944"
177,Rua do Dr. Ricardo Jorge,127,Ativo,4.2.1 - Lugar individualizado longitudinal em retângulo,Sim,Sim,10,Sim,179,{31FCC055-A47D-46ED-8DE1-1C20CCBBD0CC},"-40263.64350000024,164662.20299999975"
178,Rua de S. Tomé,15,Ativo,4.3.1 - Lugar não individualizado longitudinal em retângulo,Sim,Sim,10,Sim,180,{E67F05DD-6431-4F7A-9549-19B06C246BA2},"-39948.71169999987,167749.21059999987"
179,Praça do Exército Libertador,202,Ativo,4.3.1 - Lugar não individualizado longitudinal em retângulo,Sim,Sim,10,Sim,181,{190DF442-049C-40BD-BF63-5CCFDA21F0C2},"-41297.68510000035,166499.98279999942"
180,Rua do Dr. Ricardo Jorge,129,Ativo,4.2.1 - Lugar individualizado longitudinal em retângulo,Sim,Sim,10,Sim,182,{A591A500-3253-4012-A7ED-6704F2CF1219},"-40179.08770000003,164687.5164999999"
181,Rua de Manuel Pinto de Azevedo,144,Ativo,4.2.1 - Lugar individualizado longitudinal em retângulo,Sim,Sim,10,Sim,183,{3F07D2A7-9DCF-4038-9409-7B0F0AE86174},"-43490.093799999915,167617.80330000073"
182,Avenida de Montevideu,25,Ativo,4.2.1 - Lugar individualizado longitudinal em retângulo,Sim,Sim,10,Sim,184,{B8922375-B358-4C94-9F37-3AE0229862EE},"-46441.98120000027,166276.27899999917"
183,Rua Nova da Alfândega,4,Ativo,4.2.1 - Lugar individualizado longitudinal em retângulo,Sim,Sim,20,Sim,185,{67939E16-F64C-43E2-B5DC-2AB317F1A04E},"-40666.99270000029,163637.37490000017"
184,Rua do Actor Eduardo Brazão,9,Ativo,4.2.1 - Lugar individualizado longitudinal em retângulo,Sim,Sim,10,Sim,186,{06B1F135-6300-4493-BBBE-88AB25B4C359},"-39089.25270000007,167377.1495999992"
185,Rua do Professor Augusto Nobre,108,Ativo,4.2.1 - Lugar individualizado longitudinal em retângulo,Sim,Sim,10,Sim,187,{BA712BC8-8A94-42D4-9933-AF14555B014F},"-43767.3387000002,165835.62340000086"
186,Rua do Dr. Ferreira da Silva,65,Ativo,4.2.1 - Lugar individualizado longitudinal em retângulo,Sim,Sim,10,Sim,188,{427A0770-6394-496E-A4AA-41041DB5EDB3},"-40488.76630000025,164234.47059999965"
187,Rua D. Frei Vicente da Soledade e Castro,10,Ativo,4.3.3 - Lugar não individualizado oblíquo,Sim,Sim,20,Sim,189,{44C5F35E-4B62-4DF4-BADD-7C0F370F077F},"-39003.25480000023,167705.73090000078"
188,Rua de S. Filipe de Nery,66,Ativo,4.2.2 - Lugar individualizado longitudinal em paralelogramo,Sim,Sim,10,Sim,190,{D6DF6304-A47A-4FC6-B77D-3BEFCD1BFE06},"-40390.00490000006,164192.56579999998"
189,Campo dos Mártires da Pátria,64,Ativo,4.3.1 - Lugar não individualizado longitudinal em retângulo,Sim,Sim,20,Sim,191,{56243B73-89E1-42E8-B8A4-7363BD653358},"-40525.96789999958,164124.51329999976"
190,Rua de Afonso de Paiva,109,Ativo,4.2.4 - Lugar individualizado perpendicular,Sim,Sim,10,Sim,192,{B557C3B7-0273-4B8D-8C00-04465FBF9B1F},"-44137.99519999977,165007.2120999992"
191,Avenida da França,112,Ativo,4.2.3 - Lugar individualizado oblíquo,Sim,Sim,10,Sim,193,{C07E6736-601F-4408-BDFF-C380BF61475D},"-41570.0521999998,165880.1007000003"
192,Rua de Aníbal Cunha,184,Ativo,4.3.1 - Lugar não individualizado longitudinal em retângulo,Sim,Sim,10,Sim,194,{140520D0-3776-41E2-85C6-914994C04C72},"-40942.73350000009,165317.9461000003"
193,Rua de Passos Manuel,187,Ativo,4.2.1 - Lugar individualizado longitudinal em retângulo,Sim,Sim,10,Sim,195,{CEEA8A3B-A071-4A77-B375-0F3EED0807B1},"-39730.57129999995,164296.95639999956"
194,Rua de Augusto Lessa,46,Ativo,4.3.1 - Lugar não individualizado longitudinal em retângulo,Sim,Sim,10,Sim,196,{5EA0F356-9649-4A2A-8732-9F0BE74BEA5A},"-39127.08249999955,166830.26669999957"
195,Rua de Gonçalo Cristóvão,161,Ativo,4.2.4 - Lugar individualizado perpendicular,Sim,Sim,10,Sim,197,{9AE4987A-847F-4B02-AD96-0ACFEEE48BFC},"-40011.24749999959,165027.93620000035"
196,Rua do Dr. Eduardo Santos Silva,215,Ativo,4.3.4 - Lugar não individualizado perpendicular,Sim,Sim,10,Sim,198,{7964FD43-2703-44A6-BC31-1E1C7949A25B},"-38207.02819999959,167400.48299999908"
197,Avenida da Boavista,92,Ativo,4.2.1 - Lugar individualizado longitudinal em retângulo,Sim,Sim,10,Sim,199,{51A794BB-37AC-4B74-809F-B0729BA00C1C},"-42354.86220000032,165706.83929999918"
198,Rua de Guilherme da Costa  Carvalho,117,Ativo,4.2.3 - Lugar individualizado oblíquo,Sim,Sim,10,Sim,200,{E19BEB56-7389-4AE3-B89A-C3F6C8306685},"-40011.51090000011,164543.71409999952"
199,Rua de Fernandes Tomás,131,Ativo,4.2.1 - Lugar individualizado longitudinal em retângulo,Sim,Sim,10,Sim,201,{66DBD114-8B5C-4507-B198-FEEA9AF3B965},"-39111.78490000032,164459.26879999973"
200,Via do Castelo do Queijo,23,Ativo,4.2.1 - Lugar individualizado longitudinal em retângulo,Sim,Sim,20,Sim,202,{6906CDF4-4689-419D-803A-4499D8C072B7},"-46597.26919999998,167200.41630000062"
201,"",181,Ativo,4.3.4 - Lugar não individualizado perpendicular,Sim,Sim,10,Sim,203,{D71520CF-A502-4586-BBD3-3F4F3ACB3D03},"-44420.62569999974,164680.70800000057"
202,Rua da Constituição,126,Ativo,4.2.1 - Lugar individualizado longitudinal em retângulo,Sim,Sim,10,Sim,204,{B9623476-0816-402A-9F6A-A58595D15D6A},"-39493.37469999958,165946.20549999923"
203,Avenida do Dr. Antunes Guimarães,138,Ativo,4.3.3 - Lugar não individualizado oblíquo,Sim,Sim,10,Sim,205,{BE14BC58-4C1D-41C6-BC11-C0DB1582115F},"-43994.00860000029,166912.5722000003"
204,Avenida da Boavista,91,Ativo,4.2.1 - Lugar individualizado longitudinal em retângulo,Sim,Sim,10,Sim,206,{E68C75FE-CC78-49A3-A969-1D36C3D4C72B},"-42006.816399999894,165628.25170000084"
205,Rua de Santos Pousada,48,Ativo,4.2.1 - Lugar individualizado longitudinal em retângulo,Sim,Sim,10,Sim,207,{2AA6CDBF-423C-4556-AECB-7983D917C26D},"-39175.58129999973,164980.69019999914"
206,Rua de D. Pedro V,35,Ativo,4.2.1 - Lugar individualizado longitudinal em retângulo,Sim,Sim,10,Sim,208,{5CE38C3D-4CE4-4199-B93C-E4B5BC8CC299},"-41920.54980000015,164378.7837000005"
207,Avenida de D. Carlos I,17,Ativo,4.2.1 - Lugar individualizado longitudinal em retângulo,Sim,Sim,10,Sim,209,{50AB03E9-DA68-40B9-89C9-7EA34C99745C},"-45475.974299999885,164472.4985000007"
208,Rua de António Carneiro,51,Ativo,4.3.1 - Lugar não individualizado longitudinal em retângulo,Sim,Sim,10,Sim,210,{A8EC7F24-00AB-481E-AEFA-87B9FD0D8766},"-38611.0206000004,164330.9634000007"
209,Rua François Guichard,134,Ativo,4.2.4 - Lugar individualizado perpendicular,Sim,Sim,10,Sim,211,{CF81D56A-3C3A-42E0-BFE2-1A43D67B3371},"-42709.7993999999,166354.04069999978"
210,Rua Ofélia Diogo da Costa,84,Ativo,4.2.1 - Lugar individualizado longitudinal em retângulo,Sim,Sim,10,Sim,212,{6A433005-C41E-4C27-B59E-AE33F8E6AF37},"-41850.98950000014,165623.29930000007"
211,Alameda da Cruz Vermelha Portuguesa,206,Ativo,4.3.1 - Lugar não individualizado longitudinal em retângulo,Sim,Sim,10,Sim,213,{60E262D5-5E45-4D11-9670-139D4A4B25CB},"-37014.93740000017,167261.16840000078"
212,Rua de Gonçalo Cristóvão,186,Ativo,4.2.4 - Lugar individualizado perpendicular,Sim,Sim,10,Sim,214,{075AF092-334C-4EE9-A8E0-C322E7C5EE0D},"-39895.998999999836,165024.78830000013"
213,Praça de Francisco Sá Carneiro,8,Ativo,4.2.4 - Lugar individualizado perpendicular,Sim,Sim,10,Sim,215,{E47DC0B2-0500-43F9-A5A2-19DB52E16F0B},"-38511.51020000037,166077.24300000072"
214,Rua de Bonjóia,219,Ativo,4.2.2 - Lugar individualizado longitudinal em paralelogramo,Sim,Sim,10,Sim,218,{5A32462C-CF57-4888-9F6D-7868B753030E},"-37737.12849999964,164770.53570000082"
215,Rua do Heroísmo,220,Ativo,4.3.1 - Lugar não individualizado longitudinal em retângulo,Sim,Sim,10,Sim,219,{5E7EDE01-7E20-41B2-96E2-880D97FC8A5B},"-38330.430700000376,164310.58349999972"
216,Largo da Alfândega,221,Ativo,4.2.2 - Lugar individualizado longitudinal em paralelogramo,Sim,Sim,30,Sim,221,{5D4B6EF9-8681-4FD4-B621-8A8DDC01A5ED},"-41040.65029999986,163983.78949999996"
217,Rua de Mouzinho da Silveira,222,Ativo,4.2.2 - Lugar individualizado longitudinal em paralelogramo,Sim,Sim,10,Sim,222,{B8D167EB-EA39-4C79-9B9E-B3B31E3742ED},"-40283.47030000016,163950.51689999923"
218,Praça do General Humberto Delgado,223,Ativo,4.2.4 - Lugar individualizado perpendicular,Sim,Sim,20,"",223,{FA3F8CB7-16A5-467E-832A-B81764CC0105},"-40119.1902999999,164609.75439999998"
219,Rua de Santa Catarina,224,Ativo,4.2.1 - Lugar individualizado longitudinal em retângulo,Sim,Sim,10,Sim,225,{463C555E-88DF-4228-A3F9-3E43C3FA3971},"-39565.66100000031,165592.72619999945"
220,Avenida de D. Carlos I,225,Ativo,"",Sim,Sim,15,"",226,{B6A537B2-DA65-4173-9F19-5463B13EE0B2},"-44859.91629999969,164393.92159999907"
221,Rua do Infante D. Henrique,226,Ativo,"",Sim,Sim,16,"",227,{41374DF4-821A-420E-995E-1B44A6CD771E},"-40393.42109999992,163674.50919999927"
222,Rua do Barão de Nova Sintra,227,Ativo,"",Sim,Sim,9,"",627,{D27F8439-9115-4EAA-86E0-E9509BA2BC5A},"-38396.80620000046,164091.85429999977"
